{"user_time": 1758700782.5850844, "last_open_time": 1758700796.9924839}