{"user_time": 1758617457.7036934, "last_open_time": 1758617459.014851}